form	lemma	POS	morph
༄༅། །		PUNCT
རྒྱ་གར་	རྒྱ་གར་	PROPN
སྐད་	སྐད་	NOUN
དུ་	ལ་	PART
།		PUNCT
ཨཱརྱ་	ཨཱརྱ་	NOUN
མཱུ་ལ་	མཱུ་ལ་	NO_POS
སརྦ་	སརྦ་	NO_POS
ཨསྟི་		NON_WORD
བཱ་	བཱ་	NO_POS
དི་		NON_WORD
ཤྲ་		NON_WORD
མ་	མ་	PART
ཎེ་		NON_WORD
ར་	ར་	ADP
ཀཱ་	ཀཱ་	NO_POS
རི་	རི་	NOUN
ཀཱ་	ཀཱ་	NO_POS
།		PUNCT
བོད་སྐད་	བོད་སྐད་	PROPN
དུ་	ལ་	PART
།		PUNCT
འཕགས་པ་	འཕགས་པ་	VERB
གཞི་	གཞི་	NOUN
ཐམས་ཅད་	ཐམས་ཅད་	DET
ཡོད་པ་	ཡོད་པ་	VERB
ར་	ལ་	PART
སྨྲ་བ་	སྨྲ་བ་	VERB
འི་	གི་	PART
དགེ་ཚུལ་	དགེ་ཚུལ་	VERB
གྱི་	གི་	PART
ཚིག་ལེའུ་	ཚིག་ལེའུ་	OTHER
ར་	ལ་	PART
བྱས་པ་	བྱས་པ་	VERB
།		PUNCT
ཐམས་ཅད་	ཐམས་ཅད་	DET
མཁྱེན་པ་	མཁྱེན་པ་	VERB
ལ་	ལ་	PART
ཕྱག་	ཕྱག་	NOUN
འཚལ་	འཚལ་	VERB
ལོ་	གོ་	PART
།།		PUNCT
མགོན་པོ་	མགོན་པོ་	NOUN
ཐམས་ཅད་	ཐམས་ཅད་	DET
མཁྱེན་	མཁྱེན་	VERB
དང་	དང་	NO_POS
ཆོ་	ཆོ་	NOUN
། །		PUNCT
འཕགས་པ་	འཕགས་པ་	VERB
འི་	གི་	PART
ཚོགས་	ཚོགས་	NOUN
ལ་	ལ་	PART
ཕྱག་	ཕྱག་	NOUN
འཚལ་	འཚལ་	VERB
ཏེ་	སྟེ་	PART
། །		PUNCT
དགེ་ཚུལ་	དགེ་ཚུལ་	VERB
གྱི་	གི་	PART
ནི་	ནི་	NO_POS
ཆོ་ག་	ཆོ་ག་	NOUN
རྣམས་	རྣམས་	DET
། །		PUNCT
མདོ་	མདོ་	NOUN
ཙམ་	ཙམ་	DET
ངེས་པ་		
བཤད་པ་	བཤད་པ་	VERB
ར་	ལ་	PART
བྱ་	བྱ་	VERB
།		PUNCT
		
།		PUNCT
ཤཱཀྱ་	ཤཱཀྱ་	PROPN
སེང་གེ་	སེང་གེ་	NOUN
འི་	གི་	PART
བསྟན་པ་	བསྟན་པ་	VERB
ལ་	ལ་	PART
། །		PUNCT
དད་པ་	དད་པ་	VERB
ས་	གིས་	PART
རབ་ཏུ་	རབ་ཏུ་	NO_POS
བྱུང་	བྱུང་	VERB
ན་	ནས་	PART
ནི་	ནི་	NO_POS
། །		PUNCT
བརྟུལ་ཞུགས་	བརྟུལ་ཞུགས་	NOUN
བརྟན་པ་	བརྟན་པ་	VERB
ས་	གིས་	PART
རབ་	རབ་	ADV
བསྒྲིམས་	བསྒྲིམས་	NO_POS
ཏེ་	སྟེ་	PART
། །		PUNCT
བདག་	བདག་	PRON
གི་	གི་	PART
ལུས་	ལུས་	NOUN
བཞིན་	བཞིན་	NOUN
བསླབ་པ་	བསླབ་པ་	VERB
བསྲུང་	བསྲུང་	NO_POS
།		PUNCT
		
།		PUNCT
ནམ་	གམ་	PART
གྱི་	གི་	PART
ཆ་	ཆ་	NOUN
སྨད་	སྨད་	NOUN
མལ་	མལ་	NO_POS
ན་	ནས་	PART
ལངས་	ལངས་	VERB
། །		PUNCT
ནམ་ལངས་	ནམ་ལངས་	ADV
བ་	བ་	NOUN
དུ་	ལ་	PART
ཁ་ཏོན་	ཁ་ཏོན་	NOUN
བྱ་	བྱ་	VERB
། །		PUNCT
གདོང་	གདོང་	NOUN
དང་	དང་	NO_POS
སོ་	གོ་	PART
ཡི་	གི་	PART
དྲི་	དྲི་	NOUN
བཀྲུས་	བཀྲུས་	NO_POS
ན་	ནས་	PART
། །		PUNCT
རྫོགས་	རྫོགས་	VERB
སངས་རྒྱས་	སངས་རྒྱས་	NOUN
ལ་	ལ་	PART
གུས་ཕྱག་	གུས་ཕྱག་	NO_POS
འཚལ་	འཚལ་	VERB
།		PUNCT
		
།		PUNCT
བླ་མ་	བླ་མ་	NOUN
གནས་པ་	གནས་པ་	VERB
འི་	གི་	PART
སྒོ་གླེགས་	སྒོ་གླེགས་	NOUN
ལ་	ལ་	PART
། །		PUNCT
ལག་པ་	ལག་པ་	NOUN
ས་	གིས་	PART
དལ་	དལ་	NOUN
གྱིས་	གིས་	PART
བརྡུང་བ་	བརྡུང་བ་	VERB
ར་	ལ་	PART
བྱ་	བྱ་	VERB
། །		PUNCT
ནང་	ནང་	NOUN
ཞུགས་	ཞུགས་	VERB
གུས་པ་	གུས་པ་	VERB
ས་	གིས་	PART
བླ་མ་	བླ་མ་	NOUN
ལ་	ལ་	PART
། །		PUNCT
ཁམས་	ཁམས་	NOUN
བདེ་	བདེ་	VERB
མི་	མི་	PART
བདེ་	བདེ་	VERB
ལ་སོགས་	ལ་སོགས་	NO_POS
དྲི་	དྲི་	NOUN
།		PUNCT
		
།		PUNCT
འདི་དག་	འདི་དག་	NO_POS
བྱ་	བྱ་	VERB
ཞེ་	ཅེས་	PART
དྲི་	དྲི་	VERB
ན་	ནས་	PART
ནི་	ནི་	NO_POS
། །		PUNCT
དཀྱིལ་འཁོར་	དཀྱིལ་འཁོར་	NOUN
ལ་སོགས་	ལ་སོགས་	NO_POS
རྣམ་	རྣམ་	NOUN
བྱ་	བྱ་	VERB
འི་	གི་	PART
ཕྱི་	ཕྱི་	OTHER
། །		PUNCT
ཉ་ཕྱིས་	ཉ་ཕྱིས་	NOUN
ལ་སོགས་	ལ་སོགས་	NO_POS
ཆུ་	ཆུ་	NOUN
བརྟག་	བརྟག་	VERB
སྟེ་	སྟེ་	PART
། །		PUNCT
སྟེང་	སྟེང་	NOUN
དང་བ་	དང་བ་	NOUN
ར་	ལ་	PART
གཏིང་	གཏིང་	NOUN
རིམ་བཞིན་	རིམ་བཞིན་	NO_POS
ནོ་	གོ་	PART
།		PUNCT
		
།		PUNCT
ཉ་ཕྱིས་	ཉ་ཕྱིས་	NOUN
ལ་སོགས་	ལ་སོགས་	NO_POS
མེད་	མེད་	VERB
ན་	ལ་	PART
ཡང་	ཀྱང་	PART
། །		PUNCT
ཁྱོར་བ་	ཁྱོར་བ་	NO_POS
འམ་	གམ་	PART
འདབ་མ་	འདབ་མ་	NOUN
ས་	གིས་	PART
བུམ་པ་	བུམ་པ་	NOUN
དགང་	དགང་	NO_POS
། །		PUNCT
ཆུ་	ཆུ་	NOUN
ཡི་	གི་	PART
སྐྱེ་བོ་	སྐྱེ་བོ་	NOUN
ཆེ་ཆུང་	ཆེ་ཆུང་	ADJ
རྣམས་	རྣམས་	DET
། །		PUNCT
ཡུན་	ཡུན་	NOUN
མི་	མི་	PART
རིང་བ་	རིང་བ་	VERB
ར་	ལ་	PART
ནན་ཏན་	ནན་ཏན་	NOUN
བརྟག་	བརྟག་	VERB
		
།		PUNCT
སྙིང་རྗེ་	སྙིང་རྗེ་	NOUN
ཅན་	ཅན་	PART
གྱིས་	གིས་	PART
ཁུ་བ་	ཁུ་བ་	NOUN
རྣམས་	རྣམས་	DET
། །		PUNCT
རབ་ཏུ་	རབ་ཏུ་	NO_POS
བརྟགས་	བརྟགས་	VERB
ཏེ་	སྟེ་	PART
སྤྱད་པ་	སྤྱད་པ་	VERB
ར་	ལ་	PART
བྱ་	བྱ་	VERB
། །		PUNCT
སྲོག་ཆགས་	སྲོག་ཆགས་	NOUN
ཡོད་	ཡོད་	VERB
ན་	ལ་	PART
ལེགས་པ་	ལེགས་པ་	VERB
ར་	ལ་	PART
བཙག་	བཙག་	NO_POS
།		PUNCT
སྲོག་ཆགས་	སྲོག་ཆགས་	NOUN
རྣམས་	རྣམས་	DET
ལ་	ལ་	PART
གནོད་	གནོད་	VERB
མི་	མི་	PART
བྱ་	བྱ་	VERB
།		PUNCT
		
།		PUNCT
རྩྭ་	རྩྭ་	NOUN
དང་	དང་	NO_POS
ལྕི་བ་	ལྕི་བ་	VERB
ཤིང་	ཅིང་	PART
ལ་སོགས་	ལ་སོགས་	NO_POS
། །		PUNCT
དགོས་པ་	དགོས་པ་	VERB
གང་དང་གང་	གང་དང་གང་	NO_POS
ཡང་	ཀྱང་	PART
རུང་	རུང་	SCONJ
། །		PUNCT
དེ་དག་	དེ་དག་	OTHER
སྲོག་ཆགས་	སྲོག་ཆགས་	NOUN
མེད་པ་	མེད་པ་	VERB
ར་	ལ་	PART
བྱ་	བྱ་	VERB
། །		PUNCT
སྡོམ་པ་	སྡོམ་པ་	NOUN
ས་	གིས་	PART
སྲོག་ཆགས་	སྲོག་ཆགས་	NOUN
བསད་པ་	བསད་པ་	VERB
བསྲུང་	བསྲུང་	NO_POS
།		PUNCT
		
།		PUNCT
སྟན་	སྟན་	NOUN
ཆུ་	ཆུ་	NOUN
ས་	ས་	ADP
དང་	དང་	NO_POS
སོ་ཤིང་	སོ་ཤིང་	NO_POS
དང་	དང་	NO_POS
། །		PUNCT
འདག་པ་	འདག་པ་	VERB
འི་	གི་	PART
ཆལ་	ཆལ་	NO_POS
ཡང་	ཀྱང་	PART
སྟ་གོན་	སྟ་གོན་	NOUN
བྱ་	བྱ་	VERB
། །		PUNCT
ལྷུང་བཟེད་	ལྷུང་བཟེད་	NOUN
བཀྲུ་	བཀྲུ་	NO_POS
ལ་སོགས་པ་	ལ་སོགས་པ་	NO_POS
དང་	དང་	NO_POS
། །		PUNCT
བླ་མ་	བླ་མ་	NOUN
འི་	གི་	PART
དགོས་པ་	དགོས་པ་	VERB
ཐམས་ཅད་	ཐམས་ཅད་	DET
བྱ་	བྱ་	VERB
།		PUNCT
		
།		PUNCT
དེ་ནས་	དེ་ནས་	NO_POS
དུས་	དུས་	NOUN
རིག་	རིག་	VERB
ཕྱག་	ཕྱག་	NOUN
བྱ་	བྱ་	VERB
ཏེ་	སྟེ་	PART
། །		PUNCT
དེ་བཞིན་	དེ་བཞིན་	OTHER
གུས་པ་	གུས་པ་	VERB
ས་	གིས་	PART
ཐལ་སྦྱར་	ཐལ་སྦྱར་	NO_POS
ན་	ནས་	PART
། །		PUNCT
འཚལ་མ་	འཚལ་མ་	NOUN
འཚལ་	འཚལ་	VERB
ཞེ་	ཅེས་	PART
བླ་མ་	བླ་མ་	NOUN
ལ་	ལ་	PART
། །		PUNCT
བརྟུལ་ཞུགས་	བརྟུལ་ཞུགས་	NOUN
ཅན་	ཅན་	PART
གྱིས་	གིས་	PART
དེ་ལྟ་	དེ་ལྟ་	NO_POS
ཞུ་	ཞུ་	VERB
།		PUNCT
		
།		PUNCT
ལག་པ་	ལག་པ་	NOUN
བཀྲུས་	བཀྲུས་	NO_POS
ན་	ནས་	PART
ཚུལ་བཞིན་	ཚུལ་བཞིན་	NOUN
དུ་	ལ་	PART
། །		PUNCT
དེ་ནས་	དེ་ནས་	NO_POS
མི་སྨྲ་	མི་སྨྲ་	NO_POS
ཚོད་	ཚོད་	NOUN
རིག་པ་	རིག་པ་	VERB
ར་	ལ་	PART
། །		PUNCT
བྲུ་བ་	བྲུ་བ་	VERB
འི་	གི་	PART
ནད་	ནད་	NOUN
ལ་	ལ་	ADP
ས་	གིས་	PART
བཟློག་པ་	བཟློག་པ་	VERB
འི་	གི་	PART
ཕྱི་	ཕྱི་	OTHER
། །		PUNCT
བཟ་	བཟའ་	NOUN
འོ་	གོ་	PART
སྙམ་པ་	སྙམ་པ་	VERB
འི་	གི་	PART
སེམས་	སེམས་	NOUN
ཀྱིས་	གིས་	PART
བཟའ་	བཟའ་	NOUN
།		PUNCT
		
།		PUNCT
ཟོ་	ཟོ་	VERB
ཤིང་	ཅིང་	PART
དེ་བཞིན་	དེ་བཞིན་	OTHER
འཐུང་བ་	འཐུང་བ་	VERB
དང་	དང་	NO_POS
། །		PUNCT
རུང་བ་	རུང་བ་	VERB
འི་	གི་	PART
ཆུ་	ཆུ་	NOUN
ནི་	ནི་	NO_POS
དེ་འོག་	དེ་འོག་	NO_POS
ཏུ་	ལ་	PART
། །		PUNCT
སྦྱིན་པ་	སྦྱིན་པ་	VERB
ཡང་དག་	ཡང་དག་	ADJ
སྤེལ་	སྤེལ་	VERB
བྱ་	བྱ་	VERB
འི་	གི་	PART
ཕྱི་	ཕྱི་	OTHER
། །		PUNCT
སྦྱིན་པ་	སྦྱིན་པ་	VERB
འི་	གི་	PART
ཚིགས་བཅད་	ཚིགས་བཅད་	NOUN
གཉིས་	གཉིས་	NUM
ཤིག་	ཅིག་	PART
བརྗོད་	བརྗོད་	VERB
།		PUNCT
		
།		PUNCT
མན་ངག་	མན་ངག་	NOUN
ཡོད་	ཡོད་	VERB
ན་	ལ་	PART
བསམ་གཏན་	བསམ་གཏན་	NOUN
བྱ་	བྱ་	VERB
། །		PUNCT
རབ་ཏུ་	རབ་ཏུ་	NO_POS
འབད་	འབད་	VERB
དེ་	སྟེ་	PART
བཀླག་པ་	བཀླག་པ་	VERB
ར་	ལ་	PART
བྱ་	བྱ་	VERB
། །		PUNCT
སྡོམ་	སྡོམ་	NOUN
དང་	དང་	NO_POS
ཆོ་ག་	ཆོ་ག་	NOUN
མཁས་པ་	མཁས་པ་	VERB
དང་	དང་	NO_POS
། །		PUNCT
སྒྲུབ་པ་	སྒྲུབ་པ་	VERB
དག་	དག་	DET
ལ་	ལ་	PART
བརྩོན་པ་	བརྩོན་པ་	VERB
ར་	ལ་	PART
བྱ་	བྱ་	VERB
།		PUNCT
		
།		PUNCT
བརྟུལ་ཞུགས་	བརྟུལ་ཞུགས་	NOUN
གནས་	གནས་	NOUN
སེམས་མ་	སེམས་མ་	NO_POS
ཉམས་པ་	ཉམས་པ་	VERB
ས་	གིས་	PART
། །		PUNCT
ཆེད་	ཆེད་	NOUN
དུ་	ལ་	PART
བསམས་	བསམས་	VERB
ཏེ་	སྟེ་	PART
མ་	མ་	PART
ནོར་བ་	ནོར་བ་	VERB
ར་	ལ་	PART
། །		PUNCT
མི་	མི་	PART
གཞན་	གཞན་	DET
བདག་	བདག་	PRON
གམ་	གམ་	PART
གཞན་	གཞན་	DET
རྣམས་	རྣམས་	DET
ཀྱིས་	གིས་	PART
།།		PUNCT
བསད་	བསད་	NO_POS
ན་	ལ་	PART
བརྟུལ་ཞུགས་	བརྟུལ་ཞུགས་	NOUN
ཉམས་པ་	ཉམས་པ་	VERB
ར་	ལ་	PART
འགྱུར་	འགྱུར་	VERB
།		PUNCT
		
།		PUNCT
ཚུལ་ཁྲིམས་	ཚུལ་ཁྲིམས་	NOUN
ལྡན་	ལྡན་	VERB
ནམ་	གམ་	PART
ཚུལ་ཁྲིམས་	ཚུལ་ཁྲིམས་	NOUN
འཆལ་	འཆལ་	VERB
། །		PUNCT
དེ་བཞིན་	དེ་བཞིན་	OTHER
ནད་	ནད་	NOUN
ཀྱིས་	གིས་	PART
བཏབ་པ་	བཏབ་པ་	VERB
ལ་	ལ་	PART
། །		PUNCT
གང་	གང་	NO_POS
ཐོ་	ཐོ་	VERB
སྡུག་བསྔལ་	སྡུག་བསྔལ་	NOUN
ཉམ་ཐག་	ཉམ་ཐག་	NOUN
སྟེ་	སྟེ་	PART
། །		PUNCT
ངེས་	ངེས་	VERB
འཆི་	འཆི་	VERB
འི་	གི་	PART
ཆོ་	ཆོ་	NOUN
གཏམ་	གཏམ་	NOUN
དེ་	སྟེ་	PART
མི་	མི་	PART
བྱ་	བྱ་	VERB
།		PUNCT
		
།		PUNCT
སྨན་	སྨན་	NOUN
དང་	དང་	NO_POS
སྔགས་	སྔགས་	NOUN
དང་	དང་	NO_POS
རིག་པ་	རིག་པ་	VERB
དང་	དང་	NO_POS
། །		PUNCT
འཆི་བ་	འཆི་བ་	VERB
འི་	གི་	PART
ཕྱོགས་	ཕྱོགས་	NOUN
སུ་	ལ་	PART
བཏང་བ་	བཏང་བ་	VERB
དང་	དང་	NO_POS
། །		PUNCT
མི་	མི་	PART
གཞན་	གཞན་	DET
ཐབས་	ཐབས་	NOUN
རྣམས་	རྣམས་	DET
སྣ་ཚོགས་	སྣ་ཚོགས་	DET
ཀྱིས་	གིས་	PART
། །		PUNCT
བསད་	བསད་	NO_POS
ན་	ལ་	PART
བརྟུལ་ཞུགས་	བརྟུལ་ཞུགས་	NOUN
ཉམས་པ་	ཉམས་པ་	VERB
ར་	ལ་	PART
འགྱུར་	འགྱུར་	VERB
།		PUNCT
		
།		PUNCT
དུད་འགྲོ་	དུད་འགྲོ་	NOUN
དང་	དང་	NO_POS
ནི་	ནི་	NO_POS
སེམས་	སེམས་	NOUN
དམྱལ་	དམྱལ་	VERB
དང་	དང་	NO_POS
། །		PUNCT
ཡི་དྭགས་	ཡི་དྭགས་	NOUN
འོན་ཏེ་	འོན་ཏེ་	NO_POS
ལྷ་	ལྷ་	NOUN
ཡང་	ཀྱང་	PART
རུང་	རུང་	SCONJ
། །		PUNCT
བསད་	བསད་	NO_POS
ན་	ལ་	PART
ངན་འགྲོ་	ངན་འགྲོ་	NOUN
ར་	ལ་	PART
ལྟུང་བ་	ལྟུང་བ་	VERB
ཡི་	གི་	PART
། །		PUNCT
སྡིག་པ་	སྡིག་པ་	VERB
སྦོམ་པོ་	སྦོམ་པོ་	ADJ
ཐོབ་པ་	ཐོབ་པ་	VERB
ར་	ལ་	PART
འགྱུར་	འགྱུར་	VERB
།		PUNCT
		
།		PUNCT
བརྟུལ་ཞུགས་	བརྟུལ་ཞུགས་	NOUN
ཅན་	ཅན་	PART
གྱིས་	གིས་	PART
བསད་	བསད་	NO_POS
སྙམ་	སྙམ་	VERB
སྟེ་	སྟེ་	PART
། །		PUNCT
ལུས་	ལུས་	NOUN
དང་	དང་	NO_POS
ངག་	ངག་	NOUN
གིས་	གིས་	PART
བཤམས་པ་	བཤམས་པ་	VERB
ལ་	ལ་	ADP
ས་	གིས་	PART
། །		PUNCT
སྐྱེ་བོ་	སྐྱེ་བོ་	NOUN
གསོན་	གསོན་	VERB
ཡང་	ཀྱང་	PART
དེ་	སྟེ་	PART
ལ་	ལ་	PART
ནི་	ནི་	NO_POS
། །		PUNCT
ཁ་ན་མ་ཐོ་	ཁ་ན་མ་ཐོ་	NO_POS
རྣམ་	རྣམ་	NOUN
གསུམ་	གསུམ་	NUM
འགྱུར་	འགྱུར་	VERB
།		PUNCT
		
།		PUNCT
རྡོ་	རྡོ་	NOUN
དབྱུག་	དབྱུག་	NO_POS
ཁུ་ཚུར་	ཁུ་ཚུར་	NOUN
འཚོག་པ་	འཚོག་པ་	NO_POS
དང་	དང་	NO_POS
། །		PUNCT
དེ་ལས་	དེ་ལས་	NO_POS
གཞན་པ་	གཞན་པ་	DET
འི་	གི་	PART
གནོད་པ་	གནོད་པ་	VERB
དང་	དང་	NO_POS
། །		PUNCT
བ་ལང་	བ་ལང་	NOUN
ལ་སོགས་	ལ་སོགས་	NO_POS
གནོད་	གནོད་	VERB
མི་	མི་	PART
བྱ་	བྱ་	VERB
། །		PUNCT
རྟ་ལ་	རྟ་ལ་	NO_POS
སོགས་པ་	སོགས་པ་	DET
མི་	མི་	PART
ཞོན་	ཞོན་	VERB
ནོ་	གོ་	PART
།		PUNCT
		
།		PUNCT
དགེ་ཚུལ་	དགེ་ཚུལ་	VERB
བདག་	བདག་	PRON
གམ་	གམ་	PART
གཞན་	གཞན་	DET
རྣམས་	རྣམས་	DET
ཀྱིས་	གིས་	PART
། །		PUNCT
རྐུ་སེམས་	རྐུ་སེམས་	NO_POS
མཐུ་	མཐུ་	NOUN
དང་	དང་	NO_POS
འཇབ་བུ་	འཇབ་བུ་	NO_POS
ཡི་	གིས་	PART
། །		PUNCT
འཁྲུལ་པ་	འཁྲུལ་པ་	NO_POS
མེད་པ་	མེད་པ་	VERB
ར་	ལ་	PART
མི་	མི་	PART
གཞན་	གཞན་	DET
གྱིས་	གིས་	PART
། །		PUNCT
གནས་	གནས་	NOUN
ན་	ནས་	PART
མ་	མ་	PART
ཤ་ལྔ་	ཤ་ལྔ་	NO_POS
ཙམ་	ཙམ་	DET
མམ་	གམ་	PART
།		PUNCT
		
།		PUNCT
རང་	རང་	PRON
གི་	གི་	PART
ཡུལ་	ཡུལ་	NOUN
ན་	ནས་	PART
བྱུང་བ་	བྱུང་བ་	VERB
གང་	གང་	NO_POS
། །		PUNCT
ཀཱར་		NON_WORD
ཥཱ་པ་	ཥཱ་པ་	NON_WORD
ཎ་		NON_WORD
བཞི་ཆ་	བཞི་ཆ་	NO_POS
བརྐུས་	བརྐུས་	NO_POS
། །		PUNCT
དེ་	སྟེ་	PART
བརྐུས་	བརྐུས་	NO_POS
ཚུལ་ཁྲིམས་	ཚུལ་ཁྲིམས་	NOUN
ཞིག་པ་	ཞིག་པ་	VERB
ར་	ལ་	PART
འགྱུར་	འགྱུར་	VERB
། །		PUNCT
སྦྱོར་བ་	སྦྱོར་བ་	VERB
འི་	གི་	PART
ཚེ་	ཚེ་	NOUN
ན་	ལ་	PART
ཉེས་བྱས་	ཉེས་བྱས་	NO_POS
སོ་	གོ་	PART
།		PUNCT
		
།		PUNCT
རྡོག་	རྡོག་	NOUN
གུ་	གུ་	OTHER
རྩ་བ་	རྩ་བ་	NOUN
འབྲས་བུ་	འབྲས་བུ་	NOUN
འི་	གི་	PART
ཤིང་	ཅིང་	PART
། །		PUNCT
སྡོང་བུ་	སྡོང་བུ་	NOUN
ལོ་མ་	ལོ་མ་	NOUN
ཤུན་པ་	ཤུན་པ་	NOUN
ཆུ་	ཆུ་	NOUN
། །		PUNCT
མེ་ཏོག་	མེ་ཏོག་	NOUN
ཆུ་སྐྱེས་	ཆུ་སྐྱེས་	OTHER
ཐང་	ཐང་	NOUN
སྐྱེ་	སྐྱེ་	VERB
དང་	དང་	NO_POS
། །		PUNCT
ཞིང་	ཅིང་	PART
དང་	དང་	NO_POS
ལོ་ཏོག་	ལོ་ཏོག་	NOUN
ས་གཞི་	ས་གཞི་	NOUN
དང་	དང་	NO_POS
།		PUNCT
		
།		PUNCT
གྲུ་	གྲུ་	NOUN
དང་	དང་	NO_POS
ཤིང་	ཅིང་	PART
དང་	དང་	NO_POS
ཤོ་གམ་	ཤོ་གམ་	NOUN
དང་	དང་	NO_POS
། །		PUNCT
དེ་བཞིན་	དེ་བཞིན་	OTHER
གྲུ་	གྲུ་	NOUN
ཡི་	གི་	PART
བཙའ་	བཙའ་	VERB
རྣམས་	རྣམས་	DET
དང་	དང་	NO_POS
། །		PUNCT
སྲོག་ཆགས་	སྲོག་ཆགས་	NOUN
རྐང་པ་	རྐང་པ་	NOUN
མེད་པ་	མེད་པ་	VERB
དང་	དང་	NO_POS
། །		PUNCT
རྐང་	རྐང་	NOUN
གཉིས་	གཉིས་	NUM
རྐང་	རྐང་	NOUN
མང་	མངའ་	VERB
ས་	གིས་	PART
རྐུ་བ་	རྐུ་བ་	VERB
དང་	དང་	NO_POS
།		PUNCT
		
།		PUNCT
བརྟུལ་ཞུགས་	བརྟུལ་ཞུགས་	NOUN
ཅན་	ཅན་	PART
གྱིས་	གིས་	PART
མི་	མི་	PART
ཡི་	གི་	PART
ནོར་	ནོར་	NOUN
། །		PUNCT
དབྱིག་	དབྱིག་	NOUN
ལ་སོགས་པ་	ལ་སོགས་པ་	NO_POS
གང་ཡང་	གང་ཡང་	NO_POS
རུང་	རུང་	SCONJ
། །		PUNCT
རྐུ་བ་	རྐུ་བ་	VERB
འི་	གི་	PART
སེམས་	སེམས་	NOUN
ཀྱིས་	གིས་	PART
གང་	གང་	NO_POS
བརྐུས་	བརྐུས་	NO_POS
ཀྱང་	ཀྱང་	PART
། །		PUNCT
རིན་ཐང་	རིན་ཐང་	OTHER
ཚང་	ཚང་	VERB
ན་	ལ་	PART
སྡོམ་པ་	སྡོམ་པ་	NOUN
ཞིག་	ཅིག་	PART
		
།		PUNCT
ལྷུང་བཟེད་	ལྷུང་བཟེད་	NOUN
ལ་སོགས་	ལ་སོགས་	NO_POS
རྐུན་	རྐུན་	NO_POS
ཁྱེ་	ཁྱེ་	VERB
ན་	ལ་	PART
། །		PUNCT
ཆོ་	ཆོ་	NOUN
བཤད་	བཤད་	VERB
ན་	ནས་	PART
ནི་	ནི་	NO_POS
བསྒྲུབ་པ་	བསྒྲུབ་པ་	VERB
ར་	ལ་	PART
བྱ་	བྱ་	VERB
"།

།"		PUNCT
ཡང་ན་	ཡང་ན་	NO_POS
རི་བ་	རི་བ་	VERB
འི་	གི་	PART
རིན་	རིན་	NOUN
གྱིས་	གིས་	PART
བླུ་	བླུ་	NO_POS
། །		PUNCT
དེ་ལྟ་	དེ་ལྟ་	NO_POS
མ་	མ་	PART
བྱས་ཉེས་	བྱས་ཉེས་	NO_POS
བྱ་	བྱ་	VERB
སོ་	གོ་	PART
།		PUNCT
		
།		PUNCT
སྡོམ་	སྡོམ་	NOUN
ཅན་	ཅན་	PART
ཉམས་པ་	ཉམས་པ་	VERB
མེད་	མེད་	VERB
སེམས་	སེམས་	NOUN
ཀྱིས་	གིས་	PART
། །		PUNCT
ཉམས་པ་	ཉམས་པ་	VERB
མེད་པ་	མེད་པ་	VERB
འི་	གི་	PART
སྒོ་གསུམ་	སྒོ་གསུམ་	OTHER
དུ་	ལ་	PART
། །		PUNCT
ཆགས་པ་	ཆགས་པ་	VERB
ས་	གིས་	PART
ནོར་བུ་	ནོར་བུ་	NOUN
ནང་	ནང་	NOUN
དུ་	ལ་	PART
འདའ་	འདའ་	VERB
། །		PUNCT
དགའ་བ་	དགའ་བ་	VERB
ཚོ་	ཚོ་	VERB
ན་	ལ་	PART
བརྟུལ་ཞུགས་	བརྟུལ་ཞུགས་	NOUN
ཉམས་	ཉམས་	NOUN
།		PUNCT
		
།		PUNCT
སྐྱེས་པ་	སྐྱེས་པ་	VERB
བུད་མེད་	བུད་མེད་	NOUN
མ་ནིང་	མ་ནིང་	OTHER
གི་	གི་	PART
།		PUNCT
ཚན་	ཚན་	NOUN
ཀ་		
བོ་	བོ་	VERB
ཏེ་	སྟེ་	PART
མནན་པ་	མནན་པ་	VERB
ལ་	ལ་	ADP
ས་	གིས་	PART
། །		PUNCT
གང་	གང་	NO_POS
གི་	གི་	PART
བདེ་བ་	བདེ་བ་	VERB
འི་	གི་	PART
རོ་	རོ་	NOUN
མྱོང་བ་	མྱོང་བ་	VERB
། །		PUNCT
དེ་ཡང་	དེ་ཡང་	ADV
སྡོམ་པ་	སྡོམ་པ་	NOUN
ཞིག་པ་	ཞིག་པ་	VERB
ར་	ལ་	PART
འགྱུར་	འགྱུར་	VERB
།		PUNCT
		
།		PUNCT
ཡན་ལག་	ཡན་ལག་	NOUN
སྐྱེ་	སྐྱེ་	VERB
ན་	ནས་	PART
བདེ་	བདེ་	VERB
འདོད་པ་	འདོད་པ་	VERB
ས་	གིས་	PART
། །		PUNCT
གདུག་པ་	གདུག་པ་	ADJ
སྦྲུལ་	སྦྲུལ་	NOUN
གྱི་	གི་	PART
ཁ་	ཁ་	PRON
ར་	ལ་	PART
བཅུག་	བཅུག་	VERB
སླ་	སླ་	VERB
། །		PUNCT
ལུས་	ལུས་	NOUN
ལ་	ལ་	PART
སྡོམ་པ་	སྡོམ་པ་	NOUN
མི་	མི་	PART
གཞོམ་	གཞོམ་	NO_POS
ཅེས་	ཅེས་	PART
། །		PUNCT
རྫོགས་	རྫོགས་	VERB
སངས་རྒྱས་	སངས་རྒྱས་	NOUN
ཀྱིས་	གིས་	PART
བཀའ་	བཀའ་	NOUN
སྩལ་	སྩལ་	VERB
ཏོ་	གོ་	PART
།		PUNCT
		
།		PUNCT
གལ་ཏེ་	གལ་ཏེ་	NO_POS
སྦྲུལ་	སྦྲུལ་	NOUN
གྱིས་	གིས་	PART
བསད་	བསད་	NO_POS
གྱུར་	གྱུར་	VERB
ཀྱང་	ཀྱང་	PART
། །		PUNCT
ཚུལ་ཁྲིམས་	ཚུལ་ཁྲིམས་	NOUN
གནས་	གནས་	NOUN
ལ་	ལ་	PART
དེ་	སྟེ་	PART
ཕན་	ཕན་	NOUN
ཏེ་	སྟེ་	PART
། །		PUNCT
ཚུལ་ཁྲིམས་	ཚུལ་ཁྲིམས་	NOUN
ཉམས་པ་	ཉམས་པ་	VERB
སྡུག་བསྔལ་	སྡུག་བསྔལ་	NOUN
ཡིན་	ཡིན་	NO_POS
། །		PUNCT
མྱ་ངན་	མྱ་ངན་	NOUN
འདའ་	འདའ་	VERB
ལ་	ལ་	ADP
འང་	ཀྱང་	PART
སྒྲིབ་པ་	སྒྲིབ་པ་	VERB
ར་	ལ་	PART
འགྱུར་	འགྱུར་	VERB
།		PUNCT
		
།		PUNCT
ལྷ་	ལྷ་	NOUN
དག་	དག་	DET
མཐོང་	མཐོང་	VERB
ཞེ་	ཅེས་	PART
དེ་	སྟེ་	PART
ཡི་	གི་	PART
སྒྲ་	སྒྲ་	NOUN
། །		PUNCT
ཐོས་པ་	ཐོས་པ་	VERB
ར་	ལ་	PART
གྱུར་	གྱུར་	VERB
དང་	དང་	NO_POS
ཀུན་	ཀུན་	DET
སྨྲ་	སྨྲ་	VERB
དང་	དང་	NO_POS
། །		PUNCT
གང་	གང་	NO_POS
ན་	ལ་	PART
བདག་	བདག་	PRON
འདུག་	འདུག་	VERB
ལྷ་	ལྷ་	NOUN
འོང་ཞིང་	འོང་ཞིང་	NO_POS
། །		PUNCT
བདག་	བདག་	PRON
ཀྱང་	ཀྱང་	PART
དེ་	སྟེ་	PART
ཡི་	གི་	PART
དྲུང་	དྲུང་	NOUN
འགྲོ་	འགྲོ་	VERB
དང་	དང་	NO_POS
།		PUNCT
		
།		PUNCT
དེ་བཞིན་	དེ་བཞིན་	OTHER
དྲི་ཟ་	དྲི་ཟ་	NOUN
གྲུལ་བུམ་	གྲུལ་བུམ་	NO_POS
ཀླུ་	ཀླུ་	NOUN
། །		PUNCT
གནོད་སྦྱིན་	གནོད་སྦྱིན་	NOUN
ལྟོ་འཕྱེ་	ལྟོ་འཕྱེ་	NO_POS
ཆེན་པོ་	ཆེན་པོ་	ADJ
དང་	དང་	NO_POS
། །		PUNCT
ཤ་ཟ་	ཤ་ཟ་	NOUN
ཡི་དྭགས་	ཡི་དྭགས་	NOUN
མི་	མི་	PART
འམ་	གམ་	PART
ཅི་	ཅི་	NO_POS
། །		PUNCT
མཐོང་	མཐོང་	VERB
ངོ་	གོ་	PART
ཞེ་	ཅེས་	PART
ལ་སོགས་	ལ་སོགས་	NO_POS
སྨྲ་	སྨྲ་	VERB
ས་	གིས་	PART
དང་	དང་	NO_POS
།		PUNCT
		
།		PUNCT
བསམ་གཏན་	བསམ་གཏན་	NOUN
མངོན་ཤེས་	མངོན་ཤེས་	NOUN
ཚད་	ཚད་	NOUN
མེད་	མེད་	VERB
དང་	དང་	NO_POS
། །		PUNCT
རྒྱུན་ཞུགས་	རྒྱུན་ཞུགས་	NO_POS
ལ་སོགས་	ལ་སོགས་	NO_POS
འབྲས་བུ་	འབྲས་བུ་	NOUN
དང་	དང་	NO_POS
། །		PUNCT
ལམ་	གམ་	PART
ལ་	ལ་	PART
རབ་ཏུ་	རབ་ཏུ་	NO_POS
ཞུགས་པ་	ཞུགས་པ་	VERB
འང་	ཀྱང་	PART
རུང་	རུང་	SCONJ
། །		PUNCT
བདག་	བདག་	PRON
གིས་	གིས་	PART
ཐོབ་	ཐོབ་	VERB
ཅེས་	ཅེས་	PART
སྨྲ་	སྨྲ་	VERB
ན་	ལ་	PART
ནི་	ནི་	NO_POS
།		PUNCT
		
།		PUNCT
དོན་	དོན་	NOUN
རིག་པ་	རིག་པ་	VERB
ལ་	ལ་	PART
བརྫུན་པ་	བརྫུན་པ་	VERB
འི་	གི་	PART
ཚིག་	ཚིག་	NOUN
།		PUNCT
ཁྱད་པར་	ཁྱད་པར་	NOUN
ཐོབ་པ་	ཐོབ་པ་	VERB
འི་	གི་	PART
བདག་ཉིད་	བདག་ཉིད་	NOUN
ཅན་	ཅན་	PART
། །		PUNCT
མ་	མ་	PART
ཉམས་	ཉམས་	NOUN
ང་རྒྱལ་	ང་རྒྱལ་	NOUN
མེད་	མེད་	VERB
བཞིན་	བཞིན་	NOUN
དུ་	ལ་	PART
། །		PUNCT
སྨྲ་	སྨྲ་	VERB
ས་	གིས་	PART
ན་	ལ་	PART
བརྟུལ་ཞུགས་	བརྟུལ་ཞུགས་	NOUN
ཉམས་པ་	ཉམས་པ་	VERB
ར་	ལ་	PART
འགྱུར་	འགྱུར་	VERB
།		PUNCT
		
།		PUNCT
ཁྱད་པར་	ཁྱད་པར་	NOUN
ཐོབ་པ་	ཐོབ་པ་	VERB
མ་གཏོགས་པ་	མ་གཏོགས་པ་	NO_POS
ར་	ལ་	PART
། །		PUNCT
དེ་ལས་	དེ་ལས་	NO_POS
གཞན་པ་	གཞན་པ་	DET
འི་	གི་	PART
བརྫུན་	བརྫུན་	NOUN
ཚིག་	ཚིག་	NOUN
རྣམས་	རྣམས་	DET
། །		PUNCT
དེ་དག་	དེ་དག་	OTHER
ཐམས་ཅད་	ཐམས་ཅད་	DET
སྡིག་	སྡིག་	NOUN
མང་	མང་	VERB
འགྱུར་	འགྱུར་	VERB
། །		PUNCT
དེ་	དེ་	DET
ས་	གིས་	PART
ནི་	ནི་	NO_POS
འོག་མ་	འོག་མ་	ADJ
ར་	ལ་	PART
ལྟུང་བ་	ལྟུང་བ་	VERB
ར་	ལ་	PART
འགྱུར་	འགྱུར་	VERB
།		PUNCT
		
།		PUNCT
ཇི་ལྟ་		
མཛའ་བོ་	མཛའ་བོ་	NOUN
འབྱེད་	འབྱེད་	VERB
འགྱུར་བ་	འགྱུར་བ་	VERB
། །		PUNCT
ཕྲ་མ་	ཕྲ་མ་	NOUN
འི་	གི་	PART
ཚིག་	ཚིག་	NOUN
རྣམས་	རྣམས་	DET
སྨྲ་	སྨྲ་	VERB
མི་	མི་	PART
བྱ་	བྱ་	VERB
། །		PUNCT
ཐུན་	ཐུན་	NOUN
ཚགས་	ཚགས་	OTHER
སུ་	ལ་	PART
ནི་	ནི་	NO_POS
སྨྲ་བ་	སྨྲ་བ་	VERB
དང་	དང་	NO_POS
། །		PUNCT
ཚིག་རྩུབ་	ཚིག་རྩུབ་	NOUN
སྨྲ་བ་	སྨྲ་བ་	VERB
ར་	ལ་	PART
མི་	མི་	PART
བྱ་	བྱ་	VERB
འོ་	གོ་	PART
།		PUNCT
		
།		PUNCT
ངན་	ངན་	VERB
དུ་	ལ་	PART
ཟེ་	ཟེ་	VERB
ལ་	ལ་	PART
ངན་	ངན་	VERB
མི་	མི་	PART
བརྗོད་	བརྗོད་	VERB
། །		PUNCT
གཤེ་བ་	གཤེ་བ་	VERB
ལ་	ལ་	PART
ཡང་	ཀྱང་	PART
སླ་	སླ་	ADV
མི་	མི་	PART
གཤེ་	གཤེ་	NO_POS
།		PUNCT
མཚང་	མཚང་	NOUN
འབྲུ་བ་	འབྲུ་བ་	NO_POS
ལ་	ལ་	PART
སླ་	སླ་	ADV
མི་	མི་	PART
བྲུ་	བྲུ་	PROPN
། །		PUNCT
བརྡེག་པ་	བརྡེག་པ་	NO_POS
ལ་	ལ་	PART
ཡང་	ཀྱང་	PART
སླ་	སླ་	ADV
མི་	མི་	PART
བརྡེག་	བརྡེག་	VERB
		
།		PUNCT
བློ་ལྡན་	བློ་ལྡན་	NOUN
བསླབ་པ་	བསླབ་པ་	VERB
འདོད་པ་	འདོད་པ་	VERB
ཡི་	གིས་	PART
། །		PUNCT
བསྒྲིམས་	བསྒྲིམས་	NO_POS
ཏེ་	སྟེ་	PART
ངག་	ངག་	NOUN
གི་	གི་	PART
སྐྱོན་	སྐྱོན་	NOUN
རྣམས་	རྣམས་	DET
སྤངས་	སྤངས་	VERB
། །		PUNCT
དེ་ལྟ་	དེ་ལྟ་	NO_POS
འགྱུར་བ་	འགྱུར་བ་	VERB
ར་	ལ་	PART
རིག་	རིག་	VERB
ན་	ནས་	PART
ནི་	ནི་	NO_POS
། །		PUNCT
ངག་	ངག་	NOUN
རྣམས་	རྣམས་	DET
ཤིན་ཏུ་	ཤིན་ཏུ་	NO_POS
བསྡམ་པ་	བསྡམ་པ་	NO_POS
ར་	ལ་	PART
བྱ་	བྱ་	VERB
།		PUNCT
		
།		PUNCT
འབྲུ་	འབྲུ་	NOUN
བཏགས་	བཏགས་	VERB
ཕབས་	ཕབས་	NOUN
དང་	དང་	NO_POS
སྦྱར་བ་	སྦྱར་བ་	VERB
ཡི་	གི་	PART
། །		PUNCT
བཏུང་བ་	བཏུང་བ་	VERB
འི་	གི་	PART
བྱེ་བྲག་	བྱེ་བྲག་	NOUN
འབྲུ་	འབྲུ་	NOUN
ཡི་	གི་	PART
ཆང་	ཆང་	NOUN
། །		PUNCT
སྡོང་བུ་	སྡོང་བུ་	NOUN
མེ་ཏོག་	མེ་ཏོག་	NOUN
འབྲས་བུ་	འབྲས་བུ་	NOUN
ལ་	ལ་	ADP
ས་	གིས་	PART
། །		PUNCT
སྦྱར་བ་	སྦྱར་བ་	VERB
འི་	གི་	PART
ཁུ་བ་	ཁུ་བ་	NOUN
བཅོས་པ་	བཅོས་པ་	VERB
འི་	གི་	PART
ཆང་	ཆང་	NOUN
།		PUNCT
		
།		PUNCT
དེ་	དེ་	DET
ས་	གིས་	PART
ནི་	ནི་	NO_POS
མྱོས་པ་	མྱོས་པ་	VERB
ར་	ལ་	PART
འགྱུར་	འགྱུར་	VERB
རིག་	རིག་	VERB
ན་	ནས་	PART
། །		PUNCT
སྡོམ་	སྡོམ་	NOUN
ཅན་	ཅན་	PART
ཕན་	ཕན་	NOUN
འདོད་	འདོད་	VERB
མི་	མི་	PART
བཏུང་	བཏུང་	NO_POS
ངོ་	གོ་	PART
། །		PUNCT
དེ་	སྟེ་	PART
འཐུངས་	འཐུངས་	VERB
ན་	ལ་	PART
ནི་	ནི་	NO_POS
དྲན་	དྲན་	VERB
ཉམས་	ཉམས་	NOUN
ཤིང་	ཅིང་	PART
། །		PUNCT
བརྟུལ་ཞུགས་	བརྟུལ་ཞུགས་	NOUN
ལྡན་པ་	ལྡན་པ་	VERB
བག་མེད་	བག་མེད་	NOUN
འགྱུར་	འགྱུར་	VERB
།		PUNCT
		
།		PUNCT
བག་མེད་པ་	བག་མེད་པ་	NOUN
ལ་	ལ་	ADP
ས་	གིས་	PART
བརྟུལ་ཞུགས་	བརྟུལ་ཞུགས་	NOUN
ཉམས་	ཉམས་	NOUN
། །		PUNCT
དེ་བ་	དེ་བ་	OTHER
ས་	གིས་	PART
སྟོན་པ་	སྟོན་པ་	NOUN
འི་	གི་	PART
བཀའ་	བཀའ་	NOUN
དྲན་	དྲན་	VERB
བྱ་	བྱ་	VERB
། །		PUNCT
མྱོས་འགྱུར་	མྱོས་འགྱུར་	NO_POS
ཉེས་པ་	ཉེས་པ་	VERB
འི་	གི་	PART
འཕེལ་	འཕེལ་	VERB
འགྱུར་བ་	འགྱུར་བ་	VERB
། །		PUNCT
རྩྭ་མཆོག་	རྩྭ་མཆོག་	NOUN
གིས་	གིས་	PART
ཀྱང་	ཀྱང་	PART
མི་	མི་	PART
བཏུང་	བཏུང་	NO_POS
ངོ་	གོ་	PART
།		PUNCT
		
།		PUNCT
གླུ་གར་	གླུ་གར་	NOUN
དེ་བཞིན་	དེ་བཞིན་	OTHER
སིལ་སྙན་	སིལ་སྙན་	NOUN
རྣམས་	རྣམས་	DET
། །		PUNCT
སྡོམ་	སྡོམ་	NOUN
ལ་	ལ་	PART
གནས་པ་	གནས་པ་	VERB
ས་	གིས་	PART
མི་	མི་	PART
བྱ་	བྱ་	VERB
འོ་	གོ་	PART
། །		PUNCT
ལུས་	ལུས་	NOUN
ལ་	ལ་	PART
སྤོ་	སྤོ་	NOUN
ཀྱིས་	གིས་	PART
མི་	མི་	PART
བྱུག་	བྱུག་	VERB
གོ་	གོ་	PART
།		PUNCT
ཙནྡན་	ཙནྡན་	NOUN
ལ་སོགས་	ལ་སོགས་	NO_POS
མི་	མི་	PART
བསྐུའོ་		NON_WORD
།		PUNCT
		
།		PUNCT
ཡུང་	ཡུང་	NO_POS
དང་	དང་	NO_POS
གུར་གུམ་	གུར་གུམ་	NO_POS
ལ་སོགས་པ་	ལ་སོགས་པ་	NO_POS
། །		PUNCT
ཁ་དོག་	ཁ་དོག་	NOUN
རྣམས་	རྣམས་	DET
སུ་	ལ་	PART
བྲི་	བྲི་	NO_POS
མི་	མི་	PART
བྱ་	བྱ་	VERB
། །		PUNCT
མེ་ཏོག་	མེ་ཏོག་	NOUN
མགོ་རྒྱན་	མགོ་རྒྱན་	NO_POS
ཕྲེང་བ་	ཕྲེང་བ་	NOUN
དག་	དག་	DET
།		PUNCT
བརྟུལ་ཞུགས་	བརྟུལ་ཞུགས་	NOUN
ཅན་	ཅན་	PART
གྱིས་	གིས་	PART
གདགས་	གདགས་	NO_POS
མི་	མི་	PART
བྱ་	བྱ་	VERB
།		PUNCT
		
།		PUNCT
གསེར་	གསེར་	NOUN
ལ་སོགས་པ་	ལ་སོགས་པ་	NO_POS
འི་	གི་	PART
རྒྱན་	རྒྱན་	NOUN
རྣམས་	རྣམས་	DET
ཀྱིས་	གིས་	PART
། །		PUNCT
བདག་	བདག་	PRON
ལ་	ལ་	PART
བརྒྱན་པ་	བརྒྱན་པ་	VERB
ར་	ལ་	PART
མི་	མི་	PART
བྱ་	བྱ་	VERB
འོ་	གོ་	PART
། །		PUNCT
དུད་པ་	དུད་པ་	NOUN
ལ་སོགས་	ལ་སོགས་	NO_POS
མིག་སྨན་	མིག་སྨན་	OTHER
རྣམས་	རྣམས་	DET
། །		PUNCT
མིག་	མིག་	NOUN
མི་	མི་	PART
ན་བ་	ན་བ་	VERB
ར་	ལ་	PART
མི་	མི་	PART
བྱུག་	བྱུག་	VERB
གོ་	གོ་	PART
		
།		PUNCT
ཤིང་	ཅིང་	PART
ཁྲི་	ཁྲི་	NUM
ཁྲུ་	ཁྲུ་	NOUN
གང་	གང་	NO_POS
མཐོ་བ་	མཐོ་བ་	VERB
དང་	དང་	NO_POS
། །		PUNCT
བ་སོ་	བ་སོ་	PROPN
ལ་སོགས་	ལ་སོགས་	NO_POS
བརྒྱན་པ་	བརྒྱན་པ་	VERB
འི་	གི་	PART
ཁྲི་	ཁྲི་	NUM
། །		PUNCT
དམའ་	དམའ་	NO_POS
ཡང་	ཀྱང་	PART
ཉལ་ཁྲི་	ཉལ་ཁྲི་	NO_POS
བཟང་པོ་	བཟང་པོ་	ADJ
ལ་	ལ་	PART
། །		PUNCT
ཉལ་	ཉལ་	NO_POS
ལ་སོགས་པ་	ལ་སོགས་པ་	NO_POS
མི་	མི་	PART
བྱ་	བྱ་	VERB
འོ་	གོ་	PART
།		PUNCT
		
།		PUNCT
གླུ་གར་	གླུ་གར་	NOUN
ལ་སོགས་	ལ་སོགས་	NO_POS
བསྟན་པ་	བསྟན་པ་	VERB
དང་	དང་	NO_POS
། །		PUNCT
གང་	གང་	NO_POS
ལ་	ལ་	PART
དྲེགས་པ་	དྲེགས་པ་	VERB
སྐྱེ་	སྐྱེ་	NOUN
འགྱུར་བ་	འགྱུར་བ་	VERB
། །		PUNCT
དྲེགས་པ་	དྲེགས་པ་	VERB
འི་	གི་	PART
ཡན་ལག་	ཡན་ལག་	NOUN
སྤངས་	སྤངས་	VERB
ན་	ནས་	PART
ནི་	ནི་	NO_POS
། །		PUNCT
བརྟུལ་ཞུགས་	བརྟུལ་ཞུགས་	NOUN
གནས་	གནས་	NOUN
ཞེ་	ཅེས་	PART
བརྗོད་པ་	བརྗོད་པ་	VERB
ཡིན་	ཡིན་	NO_POS
།		PUNCT
		
།		PUNCT
ཉི་མ་	ཉི་མ་	NOUN
ཕྱེད་	ཕྱེད་	NUM
མཚམས་	མཚམས་	NOUN
མན་ཆད་	མན་ཆད་	ADV
ན་	ནས་	PART
། །		PUNCT
སྐྱ་རེངས་	སྐྱ་རེངས་	ADV
མ་	མ་	PART
ཤར་བ་	ཤར་བ་	VERB
ར་	ལ་	PART
དུ་	ལ་	PART
ནི་	ནི་	NO_POS
། །		PUNCT
དེ་	སྟེ་	PART
ནི་	ནི་	NO_POS
རྒྱལ་བ་	རྒྱལ་བ་	NOUN
ས་	གིས་	PART
དུས་	དུས་	NOUN
མིན་	མིན་	AUX
གསུངས་	གསུངས་	VERB
། །		PUNCT
སྡོམ་	སྡོམ་	NOUN
ཅན་	ཅན་	PART
གྱིས་	གིས་	PART
ནི་	ནི་	NO_POS
དེ་	དེ་	DET
ར་	ལ་	PART
མི་	མི་	PART
བཟའ་	བཟའ་	NOUN
།		PUNCT
		
།		PUNCT
སྐྱ་རེངས་	སྐྱ་རེངས་	ADV
ཤ་	ཤ་	VERB
ན་	ནས་	PART
ཕྱེད་	ཕྱེད་	NUM
ཀྱི་	གི་	PART
བ་	བ་	NOUN
། །		PUNCT
དེ་	སྟེ་	PART
ཡི་	གི་	PART
སྐབས་	སྐབས་	NOUN
སུ་	ལ་	PART
ཟོས་པ་	ཟོས་པ་	VERB
ནི་	ནི་	NO_POS
། །		PUNCT
དེ་	སྟེ་	PART
ནི་	ནི་	NO_POS
བདག་	བདག་	PRON
ཤེ་	ཤེ་	VERB
སྡོམ་པ་	སྡོམ་པ་	NOUN
སྟེ་	སྟེ་	PART
། །		PUNCT
བཟའ་བ་	བཟའ་བ་	VERB
འི་	གི་	PART
དུས་	དུས་	NOUN
སུ་	ལ་	PART
ཟོས་པ་	ཟོས་པ་	VERB
ཡིན་	ཡིན་	NO_POS
།		PUNCT
		
།		PUNCT
དུས་	དུས་	NOUN
མིན་	མིན་	AUX
དུས་	དུས་	NOUN
སུ་	ལ་	PART
འདུ་ཤེས་	འདུ་ཤེས་	NOUN
ན་	ལ་	PART
། །		PUNCT
ནམ་ཡང་	ནམ་ཡང་	OTHER
བཟའ་བ་	བཟའ་བ་	VERB
ར་	ལ་	PART
མི་	མི་	PART
བྱ་	བྱ་	VERB
འོ་	གོ་	PART
། །		PUNCT
སྨན་པ་	སྨན་པ་	NOUN
ས་	གིས་	PART
ཉོན་མོངས་	ཉོན་མོངས་	NOUN
བསྒོས་	བསྒོས་	NO_POS
ན་	ལ་	PART
ནི་	ནི་	NO_POS
། །		PUNCT
ནད་པ་	ནད་པ་	NOUN
ས་	གིས་	PART
ཉེས་པ་	ཉེས་པ་	VERB
ར་	ལ་	PART
མི་	མི་	PART
འགྱུར་	འགྱུར་	VERB
རོ་	རོ་	NOUN
།		PUNCT
		
།		PUNCT
ས་ལེ་སྦྲམ་	ས་ལེ་སྦྲམ་	NOUN
ནི་	ནི་	NO_POS
གསེར་	གསེར་	NOUN
ཡིན་	ཡིན་	NO_POS
ཏེ་	སྟེ་	PART
། །		PUNCT
དངུལ་	དངུལ་	NOUN
ཞེ་	ཅེས་	PART
བྱ་བ་	བྱ་བ་	VERB
དངུལ་	དངུལ་	NOUN
ཉིད་	ཉིད་	DET
དོ་	གོ་	PART
། །		PUNCT
སྦྱིན་བདག་	སྦྱིན་བདག་	NOUN
རྣམས་	རྣམས་	DET
ཀྱིས་	གིས་	PART
དེ་	སྟེ་	PART
བྱིན་	བྱིན་	VERB
ན་	ལ་	PART
། །		PUNCT
བརྟུལ་ཞུགས་	བརྟུལ་ཞུགས་	NOUN
ཅན་	ཅན་	PART
གྱིས་	གིས་	PART
མི་	མི་	PART
བླང་	བླང་	NO_POS
ངོ་	གོ་	PART
།		PUNCT
		
།		PUNCT
བདག་	བདག་	PRON
གིས་	གིས་	PART
རུང་བ་	རུང་བ་	VERB
མ་	མ་	PART
ཡིན་	ཡིན་	NO_POS
འདི་	འདི་	DET
ས་	གིས་	PART
། །		PUNCT
རུང་བ་	རུང་བ་	VERB
འི་	གི་	PART
དངོས་པོ་	དངོས་པོ་	NOUN
བཙལ་	བཙལ་	NO_POS
སྙམ་	སྙམ་	VERB
དུ་	ལ་	PART
"།

།"		PUNCT
དེ་ལྟ་	དེ་ལྟ་	NO_POS
མངོན་པ་	མངོན་པ་	OTHER
བསམས་	བསམས་	VERB
ན་	ནས་	PART
ནི་	ནི་	NO_POS
། །		PUNCT
དེ་ནས་	དེ་ནས་	NO_POS
གཞན་	གཞན་	DET
ཞིག་	ཅིག་	PART
ལེན་	ལེན་	VERB
དུ་	ལ་	PART
གཞུག་	གཞུག་	VERB
		
།		PUNCT
དཀོན་མཆོག་	དཀོན་མཆོག་	NOUN
གསུམ་	གསུམ་	NUM
གྱི་	གི་	PART
ཆེད་ཀ་	ཆེད་ཀ་	NO_POS
དང་	དང་	NO_POS
། །		PUNCT
ཚངས་པ་	ཚངས་པ་	PROPN
མཚུངས་པ་	མཚུངས་པ་	VERB
ར་	ལ་	PART
སྤྱོད་	སྤྱོད་	VERB
རྣམས་	རྣམས་	DET
ཀྱིས་	གིས་	PART
། །		PUNCT
གསེར་	གསེར་	NOUN
དང་	དང་	NO_POS
དངུལ་	དངུལ་	NOUN
ལ་	ལ་	PART
རེག་	རེག་	VERB
གྱུར་	གྱུར་	VERB
ཀྱང་	ཀྱང་	PART
། །		PUNCT
ཉེས་པ་	ཉེས་པ་	VERB
ར་	ལ་	PART
འགྱུར་བ་	འགྱུར་བ་	VERB
མ་	མ་	PART
ཡིན་	ཡིན་	NO_POS
ནོ་	གོ་	PART
།		PUNCT
		
།		PUNCT
འདོད་པ་	འདོད་པ་	VERB
ས་	གིས་	PART
བ་	བ་	NOUN
དུ་	ལ་	PART
གཅོད་བྱེད་	གཅོད་བྱེད་	OTHER
ཅེས་	ཅེས་	PART
། །		PUNCT
རྫོགས་	རྫོགས་	VERB
སངས་རྒྱས་	སངས་རྒྱས་	NOUN
ཀྱིས་	གིས་	PART
གསུངས་པ་	གསུངས་པ་	VERB
དེ་	སྟེ་	PART
། །		PUNCT
བ་	བ་	NOUN
དུ་	ལ་	PART
གཅོད་པ་	གཅོད་པ་	VERB
ར་	ལ་	PART
མི་	མི་	PART
འགྱུར་	འགྱུར་	VERB
ཞེ་	ཅེས་	PART
། །		PUNCT
དགེ་ཚུལ་	དགེ་ཚུལ་	VERB
གཏི་མུག་	གཏི་མུག་	NOUN
མ་	མ་	PART
སྨྲ་	སྨྲ་	VERB
ཅིག་	ཅིག་	PART
		
།		PUNCT
དེ་སྐད་	དེ་སྐད་	NO_POS
སྨྲ་	སྨྲ་	VERB
ན་	ལ་	PART
དགེ་འདུན་	དགེ་འདུན་	NOUN
གྱི་	གི་	PART
། །		PUNCT
ལོངས་སྤྱོད་	ལོངས་སྤྱོད་	NOUN
ཀུན་	ཀུན་	DET
དང་	དང་	NO_POS
ཕྲལ་	ཕྲལ་	NO_POS
ན་	ནས་	PART
ནི་	ནི་	NO_POS
། །		PUNCT
གཙུག་ལག་ཁང་	གཙུག་ལག་ཁང་	NOUN
ན་	ནས་	PART
བསྐྲད་པ་	བསྐྲད་པ་	VERB
ར་	ལ་	PART
བྱ་	བྱ་	VERB
། །		PUNCT
དེ་ནས་	དེ་ནས་	NO_POS
རོ་	རོ་	NOUN
དང་	དང་	NO_POS
འདྲ་བ་	འདྲ་བ་	VERB
ར་	ལ་	PART
འགྱུར་	འགྱུར་	VERB
།		PUNCT
		
།		PUNCT
འཕྱར་	འཕྱར་	VERB
དང་	དང་	NO_POS
རྟ་གད་	རྟ་གད་	NO_POS
བྱེད་	བྱེད་	VERB
ལ་སོགས་	ལ་སོགས་	NO_POS
། །		PUNCT
འཆི་བ་	འཆི་བ་	VERB
ར་	ལ་	PART
བསམས་	བསམས་	VERB
ཏེ་	སྟེ་	PART
མི་	མི་	PART
བྱ་	བྱ་	VERB
འོ་	གོ་	PART
། །		PUNCT
གླལ་	གླལ་	NO_POS
ཚེ་	ཚེ་	NOUN
ལག་	ལག་	NOUN
ལ་སོགས་པ་	ལ་སོགས་པ་	NO_POS
ཡི་	གིས་	PART
། །		PUNCT
ཁ་	ཁ་	PRON
དགབ་པ་	དགབ་པ་	NO_POS
ར་	ལ་	PART
ཡང་	ཀྱང་	PART
ནན་ཏན་	ནན་ཏན་	NOUN
བྱ་	བྱ་	VERB
།		PUNCT
		
།		PUNCT
རྒན་	རྒན་	NOUN
ལ་	ལ་	PART
སྦྲིད་	སྦྲིད་	NO_POS
བྱུང་	བྱུང་	VERB
ཕྱག་	ཕྱག་	NOUN
བྱ་	བྱ་	VERB
སྟེ་	སྟེ་	PART
། །		PUNCT
གཞོན་	གཞོན་	NOUN
ལ་	ལ་	PART
ནད་མེད་	ནད་མེད་	ADJ
གྱུར་	གྱུར་	VERB
ཅེས་	ཅེས་	PART
བརྗོད་	བརྗོད་	VERB
། །		PUNCT
ཁྱིམ་པ་	ཁྱིམ་པ་	NOUN
སྦྲིད་པ་	སྦྲིད་པ་	VERB
བྱུང་བ་	བྱུང་བ་	VERB
ལ་	ལ་	PART
། །		PUNCT
ཡུན་རིང་	ཡུན་རིང་	NOUN
འཚོ་	འཚོ་	VERB
ཞེ་	ཅེས་	PART
བརྗོད་པ་	བརྗོད་པ་	VERB
ར་	ལ་	PART
བྱ་	བྱ་	VERB
།		PUNCT
		
།		PUNCT
བླ་མ་	བླ་མ་	NOUN
གནས་པ་	གནས་པ་	VERB
འི་	གི་	PART
མདུན་	མདུན་	NOUN
དག་	དག་	DET
ཏུ་	ལ་	PART
། །		PUNCT
སྣབས་	སྣབས་	NO_POS
དང་	དང་	NO_POS
མཆིལ་མ་	མཆིལ་མ་	NOUN
མི་	མི་	PART
འདོ་	འདོ་	VERB
ཞིང་	ཅིང་	PART
། །		PUNCT
སོ་ཤིང་	སོ་ཤིང་	NO_POS
བཅའ་བ་	བཅའ་བ་	VERB
ར་	ལ་	PART
མི་	མི་	PART
བྱ་	བྱ་	VERB
འོ་	གོ་	PART
། །		PUNCT
དེ་བཞིན་	དེ་བཞིན་	OTHER
སྟན་	སྟན་	NOUN
ལ་	ལ་	PART
མི་	མི་	PART
འདུག་	འདུག་	VERB
གོ་	གོ་	PART
		
།		PUNCT
མདུན་	མདུན་	NOUN
དུ་	ལ་	PART
བཅག་པ་	བཅག་པ་	VERB
ར་	ལ་	PART
མི་	མི་	PART
བྱ་	བྱ་	VERB
ཞིང་	ཅིང་	PART
། །		PUNCT
ཁྱེད་	ཁྱེད་	PRON
རེངས་	རེངས་	VERB
སུ་	ལ་	PART
ཡང་	ཀྱང་	PART
མི་	མི་	PART
དབྱུང་	དབྱུང་	NO_POS
ངོ་	གོ་	PART
། །		PUNCT
རྒན་	རྒན་	NOUN
ལ་སོགས་པ་	ལ་སོགས་པ་	NO_POS
འི་	གི་	PART
སྡོམ་	སྡོམ་	NOUN
ཅན་	ཅན་	PART
ལ་	ལ་	PART
། །		PUNCT
གུ་	གུ་	VERB
བཅའ་	བཅའ་	VERB
ཞེ་ས་	ཞེ་ས་	NOUN
ར་	ལ་	PART
བཅས་པ་	བཅས་པ་	VERB
ར་	ལ་	PART
བྱ་	བྱ་	VERB
།		PUNCT
		
།		PUNCT
ལག་པ་	ལག་པ་	NOUN
དག་པ་	དག་པ་	VERB
ར་	ལ་	PART
བསྙལ་	བསྙལ་	NO_POS
ན་	ལ་	PART
ནི་	ནི་	NO_POS
། །		PUNCT
བུམ་པ་	བུམ་པ་	NOUN
ལ་སོགས་	ལ་སོགས་	NO_POS
རྡུལ་མེད་	རྡུལ་མེད་	PROPN
བྱ་	བྱ་	VERB
། །		PUNCT
ཆུ་	ཆུ་	NOUN
ཡང་	ཀྱང་	PART
ཡོངས་སུ་	ཡོངས་སུ་	NO_POS
བཙགས་	བཙགས་	NO_POS
ན་	ནས་	PART
སུ་	ལ་	PART
། །		PUNCT
བརྟགས་	བརྟགས་	VERB
ན་	ནས་	PART
རུང་བ་	རུང་བ་	VERB
བླང་བ་	བླང་བ་	VERB
ར་	ལ་	PART
བྱ་	བྱ་	VERB
།		PUNCT
		
།		PUNCT
གནས་མ་	གནས་མ་	PROPN
བཅས་པ་	བཅས་པ་	VERB
ར་	ལ་	PART
གནས་	གནས་	NOUN
མི་	མི་	PART
བྱ་	བྱ་	VERB
། །		PUNCT
དགེ་འདུན་	དགེ་འདུན་	NOUN
མལ་ཆ་	མལ་ཆ་	NOUN
ལ་སོགས་པ་	ལ་སོགས་པ་	NO_POS
ར་	ལ་	PART
། །		PUNCT
དྲན་པ་	དྲན་པ་	VERB
མེད་པ་	མེད་པ་	VERB
ར་	ལ་	PART
འདུག་	འདུག་	VERB
མི་	མི་	PART
བྱ་	བྱ་	VERB
། །		PUNCT
དྲན་	དྲན་	VERB
དང་	དང་	NO_POS
ལྡན་	ལྡན་	VERB
ན་	ལ་	PART
ཉེས་མེད་	ཉེས་མེད་	NOUN
དོ་	གོ་	PART
།		PUNCT
		
།		PUNCT
སོ་	གོ་	PART
བཀྲུ་བ་	བཀྲུ་བ་	VERB
དང་	དང་	NO_POS
ཆུ་	ཆུ་	NOUN
བཏུང་	བཏུང་	NO_POS
དང་	དང་	NO_POS
། །		PUNCT
བཤང་གཅི་	བཤང་གཅི་	NOUN
བྱེད་	བྱེད་	VERB
དུ་	ལ་	PART
འགྲོ་བ་	འགྲོ་བ་	VERB
དང་	དང་	NO_POS
། །		PUNCT
མཚམས་	མཚམས་	NOUN
ནང་	ནང་	NOUN
སྟོན་	སྟོན་	VERB
ལ་	ལ་	PART
ཕྱག་	ཕྱག་	NOUN
བྱ་བ་	བྱ་བ་	VERB
། །		PUNCT
དེ་དག་	དེ་དག་	OTHER
མ་	མ་	PART
ཞུ་	ཞུ་	VERB
ཉེས་མེད་	ཉེས་མེད་	NOUN
དོ་	གོ་	PART
།		PUNCT
		
།		PUNCT
བརྟུལ་ཞུགས་	བརྟུལ་ཞུགས་	NOUN
ཅན་	ཅན་	PART
གྱིས་	གིས་	PART
བྱ་བ་	བྱ་བ་	VERB
གཞན་	གཞན་	DET
། །		PUNCT
དེ་དག་	དེ་དག་	OTHER
ཐམས་ཅད་	ཐམས་ཅད་	DET
མ་ལུས་པ་	མ་ལུས་པ་	OTHER
ར་	ལ་	PART
། །		PUNCT
གལ་ཏེ་	གལ་ཏེ་	NO_POS
བླ་མ་	བླ་མ་	NOUN
ར་	ལ་	PART
མ་	མ་	PART
ཞུས་པ་	ཞུས་པ་	VERB
ར་	ལ་	PART
། །		PUNCT
བྱ་	བྱ་	VERB
ན་	ལ་	PART
དེ་	སྟེ་	PART
ལ་ཉེ་	ལ་ཉེ་	NO_POS
ས་	གིས་	PART
བྱ་	བྱ་	VERB
སོ་	གོ་	PART
།		PUNCT
		
།		PUNCT
མཆོད་རྟེན་	མཆོད་རྟེན་	NOUN
ལ་སོགས་	ལ་སོགས་	NO_POS
ཕྱག་	ཕྱག་	NOUN
བྱ་	བྱ་	VERB
ཏེ་	སྟེ་	PART
། །		PUNCT
མི་	མི་	PART
ཉལ་	ཉལ་	NO_POS
བྱ་	བྱ་	VERB
ན་	ནས་	PART
དེ་འོག་	དེ་འོག་	NO_POS
ཏུ་	ལ་	PART
། །		PUNCT
བླ་མ་	བླ་མ་	NOUN
འི་	གི་	PART
རྐང་	རྐང་	NOUN
བཀྲུས་	བཀྲུས་	NO_POS
བླ་མ་	བླ་མ་	NOUN
ལ་	ལ་	PART
། །		PUNCT
བརྟུལ་ཞུགས་	བརྟུལ་ཞུགས་	NOUN
ཅན་	ཅན་	PART
གྱིས་	གིས་	PART
ཀུན་	ཀུན་	DET
ཞུ་	ཞུ་	VERB
ཏེ་	སྟེ་	PART
།		PUNCT
		
།		PUNCT
རྐང་པ་	རྐང་པ་	NOUN
གཉིས་ཀ་	གཉིས་ཀ་	OTHER
བཀྲུས་	བཀྲུས་	NO_POS
ན་	ནས་	PART
ནི་	ནི་	NO_POS
། །		PUNCT
ནམ་	གམ་	PART
གྱི་	གི་	PART
ཆ་	ཆ་	NOUN
སྟོད་ཆ་	སྟོད་ཆ་	NOUN
སྨད་	སྨད་	NOUN
ལ་	ལ་	PART
"།

།"		PUNCT
བསྒྲིམས་	བསྒྲིམས་	NO_POS
ཏེ་	སྟེ་	PART
མི་	མི་	PART
ཉལ་བ་	ཉལ་བ་	VERB
བྱ་	བྱ་	VERB
ཏེ་	སྟེ་	PART
། །		PUNCT
དེ་	དེ་	DET
ས་	གིས་	PART
ནི་	ནི་	NO_POS
བདེན་པ་	བདེན་པ་	VERB
ར་	ལ་	PART
སྨྲ་བ་	སྨྲ་བ་	VERB
ར་	ལ་	PART
བྱ་	བྱ་	VERB
།		PUNCT
		
ལྡང་	ལྡང་	NO_POS
དང་	དང་	NO_POS
སྣང་བ་	སྣང་བ་	VERB
འི་	གི་	PART
འདུ་ཤེས་	འདུ་ཤེས་	NOUN
ཀྱིས་	གིས་	PART
། །		PUNCT
སེང་གེ་	སེང་གེ་	NOUN
ཉལ་	ཉལ་	NO_POS
ཐབས་	ཐབས་	NOUN
བཞིན་	བཞིན་	NOUN
དུ་	ལ་	PART
བྱ་	བྱ་	VERB
། །		PUNCT
དྲན་	དྲན་	VERB
དང་	དང་	NO_POS
ལྡན་	ལྡན་	VERB
ཞིང་	ཅིང་	PART
དགེ་	དགེ་	NOUN
རྒྱུད་	རྒྱུད་	NOUN
དང་	དང་	NO_POS
། །		PUNCT
དེ་བཞིན་	དེ་བཞིན་	OTHER
མྱུར་	མྱུར་	VERB
དུ་	ལ་	PART
སད་	སད་	VERB
ན་	ནས་	PART
ནི་	ནི་	NO_POS
།		PUNCT
		
།		PUNCT
ཇི་སྐད་	ཇི་སྐད་	NO_POS
བསྟན་པ་	བསྟན་པ་	VERB
བཞིན་	བཞིན་	NOUN
དུ་	ལ་	PART
བྱ་	བྱ་	VERB
། །		PUNCT
ཇི་ལྟ་		
ཉོན་མོངས་	ཉོན་མོངས་	NOUN
མྱུར་	མྱུར་	VERB
ཟད་	ཟད་	VERB
དང་	དང་	NO_POS
། །		PUNCT
བྱང་ཆུབ་	བྱང་ཆུབ་	NOUN
དམ་པ་	དམ་པ་	VERB
ཐོབ་	ཐོབ་	VERB
འགྱུར་བ་	འགྱུར་བ་	VERB
། །		PUNCT
དེ་ལྟ་	དེ་ལྟ་	NO_POS
བསྒྲིམས་	བསྒྲིམས་	NO_POS
དང་	དང་	NO_POS
ལྡན་པ་	ལྡན་པ་	VERB
ར་	ལ་	PART
བྱ་	བྱ་	VERB
།		PUNCT
		
།		PUNCT
ཐམས་ཅད་	ཐམས་ཅད་	DET
ཡོད་པ་	ཡོད་པ་	VERB
ར་	ལ་	PART
སྨྲ་བ་	སྨྲ་བ་	VERB
འི་	གི་	PART
དགེ་ཚུལ་	དགེ་ཚུལ་	VERB
གྱི་	གི་	PART
ཚིག་ལེའུ་	ཚིག་ལེའུ་	OTHER
ར་	ལ་	PART
བྱས་པ་	བྱས་པ་	VERB
སློབ་དཔོན་	སློབ་དཔོན་	NOUN
ཀླུ་སྒྲུབ་	ཀླུ་སྒྲུབ་	PROPN
ཀྱིས་	གིས་	PART
མཛད་པ་	མཛད་པ་	VERB
རྫོགས་	རྫོགས་	VERB
སོ་	གོ་	PART
།། །།		PUNCT
རྒྱ་གར་	རྒྱ་གར་	PROPN
གྱི་	གི་	PART
མཁན་པོ་	མཁན་པོ་	NOUN
མུ་ནི་	མུ་ནི་	NO_POS
ཝརྨ་		NON_WORD
དང་	དང་	NO_POS
།		PUNCT
ཞུ་ཆེན་	ཞུ་ཆེན་	OTHER
གྱི་	གི་	PART
ལོ་ཙཱ་བ་	ལོ་ཙཱ་བ་	NOUN
སྣ་ནམ་	སྣ་ནམ་	PROPN
ཡེ་ཤེས་	ཡེ་ཤེས་	NOUN
སྡེ་	སྡེ་	NOUN
ས་	གིས་	PART
བསྒྱུར་	བསྒྱུར་	VERB
ཅིང་	ཅིང་	PART
ཞུ་	ཞུ་	VERB
ཏེ་	སྟེ་	PART
གཏན་	གཏན་	NOUN
ལ་	ལ་	PART
ཕབ་པ་	ཕབ་པ་	VERB
འོ་	གོ་	PART
།། །།		PUNCT
